SET NAMES utf8mb4;
USE art_schedule;

-- 教师数据
INSERT INTO teachers (id, name, phone, specialty, join_date) VALUES
(1, '张老师', '13800138001', '钢琴', '2023-01-15'),
(2, '李老师', '13800138002', '芭蕾舞', '2023-03-20'),
(3, '王老师', '13800138003', '素描', '2023-05-10'),
(4, '赵老师', '13800138004', '声乐', '2023-06-01'),
(5, '刘老师', '13800138005', '中国舞', '2023-07-15'),
(6, '周老师', '13800138006', '水彩', '2023-08-01');

INSERT INTO teacher_courses (teacher_id, course_name) VALUES
(1, '钢琴基础'), (1, '钢琴进阶'), (1, '钢琴一对一'),
(2, '芭蕾舞初级'), (2, '芭蕾舞中级'),
(3, '素描基础'), (3, '素描提高'),
(4, '声乐基础'),
(5, '中国舞初级'), (5, '街舞入门'),
(6, '水彩入门'), (6, '国画基础');

-- 学生数据
INSERT INTO students (id, name, age, gender, parent_name, phone, enroll_date) VALUES
(1, '小明', 8, '男', '明爸爸', '13900139001', '2023-09-01'),
(2, '小红', 7, '女', '红妈妈', '13900139002', '2023-09-01'),
(3, '小刚', 9, '男', '刚爸爸', '13900139003', '2023-09-01'),
(4, '小丽', 6, '女', '丽妈妈', '13900139004', '2023-09-01'),
(5, '小芳', 8, '女', '芳妈妈', '13900139005', '2023-10-01'),
(6, '小华', 10, '男', '华爸爸', '13900139006', '2023-10-01'),
(7, '小美', 7, '女', '美妈妈', '13900139007', '2023-10-01'),
(8, '小强', 9, '男', '强爸爸', '13900139008', '2023-11-01');

INSERT INTO student_courses (student_id, course_name) VALUES
(1, '钢琴基础'), (1, '素描基础'),
(2, '芭蕾舞初级'), (2, '钢琴基础'),
(3, '街舞入门'), (3, '素描提高'),
(4, '芭蕾舞初级'),
(5, '中国舞初级'), (5, '水彩入门'),
(6, '素描提高'), (6, '国画基础'),
(7, '声乐基础'), (7, '钢琴基础'),
(8, '街舞入门');

-- 课程数据
INSERT INTO courses (id, name, category, type, duration, age_range, price, description) VALUES
(1, '钢琴基础', '音乐', '小组课', 60, '6-12岁', 200.00, '适合零基础儿童，学习基础乐理和钢琴演奏技法'),
(2, '钢琴进阶', '音乐', '小组课', 60, '8-15岁', 250.00, '适合有一定基础的学员，进阶曲目和技巧训练'),
(3, '钢琴一对一', '音乐', '一对一', 60, '不限', 400.00, '一对一专属辅导，针对性提升演奏水平'),
(4, '声乐基础', '音乐', '小组课', 60, '8-16岁', 180.00, '学习基础发声方法和歌唱技巧'),
(5, '芭蕾舞初级', '舞蹈', '小组课', 90, '5-10岁', 220.00, '芭蕾基础形体和基本步伐训练'),
(6, '芭蕾舞中级', '舞蹈', '小组课', 90, '8-14岁', 260.00, '系统的芭蕾舞技巧和剧目训练'),
(7, '中国舞初级', '舞蹈', '小组课', 90, '6-12岁', 200.00, '中国古典舞基础动作和神韵培养'),
(8, '街舞入门', '舞蹈', '小组课', 60, '8-16岁', 180.00, 'Breaking/Hip-hop基础街舞动作学习'),
(9, '素描基础', '美术', '小组课', 120, '8-16岁', 200.00, '线条、明暗、构图基础素描训练'),
(10, '素描提高', '美术', '小组课', 120, '10-18岁', 240.00, '深入素描技法，临摹与写生训练'),
(11, '水彩入门', '美术', '小组课', 90, '7-14岁', 180.00, '水彩基础技法和色彩理论'),
(12, '国画基础', '美术', '小组课', 90, '8-16岁', 200.00, '毛笔使用和中国画基础技法');

-- 教室数据
INSERT INTO classrooms (id, name, type, capacity, floor, status, remark) VALUES
(1, '音乐教室1', '音乐教室', 10, '3楼', '使用中', ''),
(2, '音乐教室2', '音乐教室', 8, '3楼', '空闲', ''),
(3, '音乐教室3', '音乐教室', 1, '3楼', '使用中', '一对一专用'),
(4, '舞蹈教室1', '舞蹈教室', 20, '2楼', '使用中', ''),
(5, '舞蹈教室2', '舞蹈教室', 15, '2楼', '空闲', ''),
(6, '美术教室1', '美术教室', 15, '4楼', '使用中', ''),
(7, '美术教室2', '美术教室', 12, '4楼', '空闲', ''),
(8, '多功能教室', '多功能教室', 30, '1楼', '空闲', '');

INSERT INTO classroom_equipment (classroom_id, equipment_name) VALUES
(1, '钢琴'), (1, '音响设备'), (1, '空调'), (1, '饮水机'),
(2, '电子琴'), (2, '音响设备'), (2, '空调'),
(3, '钢琴'), (3, '空调'),
(4, '镜子墙'), (4, '把杆'), (4, '音响设备'), (4, '空调'), (4, '饮水机'),
(5, '镜子墙'), (5, '把杆'), (5, '音响设备'), (5, '空调'),
(6, '画架'), (6, '画板'), (6, '投影仪'), (6, '空调'), (6, '饮水机'),
(7, '画架'), (7, '画板'), (7, '空调'),
(8, '投影仪'), (8, '音响设备'), (8, '空调'), (8, '饮水机');

-- 班级数据
INSERT INTO classes (id, name, category, course_name, teacher_id, student_count, schedule, start_date) VALUES
(1, '钢琴基础A班', '音乐', '钢琴基础', 1, 10, '周一、周三 09:00-10:00', '2023-09-04'),
(2, '钢琴基础B班', '音乐', '钢琴基础', 1, 10, '周二、周四 09:00-10:00', '2023-09-05'),
(3, '芭蕾舞初级班', '舞蹈', '芭蕾舞初级', 2, 15, '周一、周三 10:00-11:30', '2023-09-04'),
(4, '中国舞初级班', '舞蹈', '中国舞初级', 5, 15, '周二、周四 15:00-16:30', '2023-09-05'),
(5, '素描基础班', '美术', '素描基础', 3, 12, '周六 14:00-16:00', '2023-09-09'),
(6, '素描提高班', '美术', '素描提高', 3, 10, '周日 14:00-16:00', '2023-09-10'),
(7, '水彩入门班', '美术', '水彩入门', 6, 12, '周六 10:00-12:00', '2023-09-09');

INSERT INTO class_students (class_id, student_id) VALUES
(1, 1), (1, 2), (1, 7),
(2, 2),
(3, 2), (3, 4),
(4, 5),
(5, 1), (5, 6),
(6, 3), (6, 6),
(7, 5), (7, 8);

-- 课表数据（本周示例，以 2025-01-06 周一为起点）
INSERT INTO schedules (class_id, course_id, teacher_id, classroom_id, date, day_of_week, start_time, end_time, status) VALUES
(1, 1, 1, 1, '2025-01-06', 1, '09:00:00', '10:00:00', 'scheduled'),
(3, 5, 2, 4, '2025-01-06', 1, '10:00:00', '11:30:00', 'scheduled'),
(5, 9, 3, 6, '2025-01-07', 2, '14:00:00', '16:00:00', 'scheduled'),
(1, 1, 1, 1, '2025-01-08', 3, '09:00:00', '10:00:00', 'scheduled'),
(3, 5, 2, 4, '2025-01-08', 3, '10:00:00', '11:30:00', 'scheduled'),
(2, 1, 1, 2, '2025-01-09', 4, '09:00:00', '10:00:00', 'scheduled'),
(4, 7, 5, 5, '2025-01-09', 4, '15:00:00', '16:30:00', 'scheduled'),
(7, 11, 6, 7, '2025-01-10', 5, '10:00:00', '11:30:00', 'scheduled'),
(7, 11, 6, 7, '2025-01-11', 6, '10:00:00', '12:00:00', 'scheduled'),
(5, 9, 3, 6, '2025-01-11', 6, '14:00:00', '16:00:00', 'scheduled'),
(6, 10, 3, 6, '2025-01-12', 7, '14:00:00', '16:00:00', 'scheduled');

-- 调课申请数据
INSERT INTO adjust_requests (id, applicant_id, class_id, original_time, new_day_of_week, new_start_time, new_end_time, reason, status, apply_time) VALUES
(1, 2, 1, '周一 09:00-10:00', 2, '09:00:00', '10:00:00', '本周一有重要事务无法上课，申请调至周二', '待审核', '2025-01-03 10:00:00'),
(2, 2, 3, '周三 10:00-11:30', 4, '10:00:00', '11:30:00', '下周三场地维修，申请调至周四', '已通过', '2025-01-02 15:30:00'),
(3, 3, 5, '周六 14:00-16:00', 7, '14:00:00', '16:00:00', '本周六家庭原因，申请调至周日', '已拒绝', '2025-01-01 09:00:00');

-- 用户数据（密码均为 123456 的 BCrypt 加密）
-- BCrypt: $2a$10$N.zmdr9k7uOCQb376NoUnuTJ8iAt6Z5EHsM8lE9lBpwTTyU4SVZJ.
INSERT INTO users (id, username, password, name, role, teacher_id, student_id) VALUES
(1, 'admin',   '$2a$10$N.zmdr9k7uOCQb376NoUnuTJ8iAt6Z5EHsM8lE9lBpwTTyU4SVZJ.', '管理员', 'admin', NULL, NULL),
(2, 'teacher', '$2a$10$N.zmdr9k7uOCQb376NoUnuTJ8iAt6Z5EHsM8lE9lBpwTTyU4SVZJ.', '张老师', 'teacher', 1, NULL),
(3, 'teacher2','$2a$10$N.zmdr9k7uOCQb376NoUnuTJ8iAt6Z5EHsM8lE9lBpwTTyU4SVZJ.', '李老师', 'teacher', 2, NULL),
(4, 'student', '$2a$10$N.zmdr9k7uOCQb376NoUnuTJ8iAt6Z5EHsM8lE9lBpwTTyU4SVZJ.', '小明', 'student', NULL, 1);
